id,clientip,datetime_confirmed,method_GET,request,status_code,size,referer,user_agent
435,2.177.12.140,22/Jan/2019:08:56:43,POST,"/image/59567/productModel/150x150 HTTP/1.1\"",200,6005,"\"https://www.zanbil.ir/m/product/33606/%D8%AA%D9%84%D9%88%DB%8C%D8%B2%DB%8C%D9%88%D9%86-%D8%A7%D9%84-%D8%A7%DB%8C-%D8%AF%DB%8C-%D8%B3%D8%A7%D9%85%D8%B3%D9%88%D9%86%DA%AF-%D9%85%D8%AF%D9%84-55NU8950-Ultra-HD-4K\"","\"Mozilla/5.0 (Android 7.1.1;"
262636,2.177.12.155,22/Jan/2019:05:56:36,GET,"/image/62423/productModel/150x150 HTTP/1.1\"",200,4911,"\"https://www.zanbil.ir/m/product/33606/%D8%AA%D9%84%D9%88%DB%8C%D8%B2%DB%8C%D9%88%D9%86-%D8%A7%D9%84-%D8%A7%DB%8C-%D8%AF%DB%8C-%D8%B3%D8%A7%D9%85%D8%B3%D9%88%D9%86%DA%AF-%D9%85%D8%AF%D9%84-55NU8950-Ultra-HD-4K\"","\"Mozilla/5.0 (Android 7.1.1;"
83627,2.177.12.267,22/Jan/2019:10:56:25,GET,"/image/64272/productModel/150x150 HTTP/1.1\"",200,3768,"\"https://www.zanbil.ir/m/product/33606/%D8%AA%D9%84%D9%88%DB%8C%D8%B2%DB%8C%D9%88%D9%86-%D8%A7%D9%84-%D8%A7%DB%8C-%D8%AF%DB%8C-%D8%B3%D8%A7%D9%85%D8%B3%D9%88%D9%86%DA%AF-%D9%85%D8%AF%D9%84-55NU8950-Ultra-HD-4K\"","\"Mozilla/5.0 (Android 7.1.1;"
72831,2.177.12.291,22/Jan/2019:03:56:36,GET,"/image/62423/productModel/150x150 HTTP/1.1\"",200,4911,"\"https://www.zanbil.ir/m/product/33606/%D8%AA%D9%84%D9%88%DB%8C%D8%B2%DB%8C%D9%88%D9%86-%D8%A7%D9%84-%D8%A7%DB%8C-%D8%AF%DB%8C-%D8%B3%D8%A7%D9%85%D8%B3%D9%88%D9%86%DA%AF-%D9%85%D8%AF%D9%84-55NU8950-Ultra-HD-4K\"","\"Mozilla/5.0 (Android 7.1.1;"
31680,2.177.12.334,22/Jan/2019:05:56:36,GET,"/image/62423/productModel/150x150 HTTP/1.1\"",200,4911,"\"https://www.zanbil.ir/m/product/33606/%D8%AA%D9%84%D9%88%DB%8C%D8%B2%DB%8C%D9%88%D9%86-%D8%A7%D9%84-%D8%A7%DB%8C-%D8%AF%DB%8C-%D8%B3%D8%A7%D9%85%D8%B3%D9%88%D9%86%DA%AF-%D9%85%D8%AF%D9%84-55NU8950-Ultra-HD-4K\"","\"Mozilla/5.0 (Android 7.1.1;"
258808,2.177.12.381,22/Jan/2019:03:56:36,GET,"/image/62423/productModel/150x150 HTTP/1.1\"",200,4911,"\"https://www.zanbil.ir/m/product/33606/%D8%AA%D9%84%D9%88%DB%8C%D8%B2%DB%8C%D9%88%D9%86-%D8%A7%D9%84-%D8%A7%DB%8C-%D8%AF%DB%8C-%D8%B3%D8%A7%D9%85%D8%B3%D9%88%D9%86%DA%AF-%D9%85%D8%AF%D9%84-55NU8950-Ultra-HD-4K\"","\"Mozilla/5.0 (Android 7.1.1;"
57519,2.177.12.554,22/Jan/2019:03:56:36,GET,"/image/62423/productModel/150x150 HTTP/1.1\"",200,4911,"\"https://www.zanbil.ir/m/product/33606/%D8%AA%D9%84%D9%88%DB%8C%D8%B2%DB%8C%D9%88%D9%86-%D8%A7%D9%84-%D8%A7%DB%8C-%D8%AF%DB%8C-%D8%B3%D8%A7%D9%85%D8%B3%D9%88%D9%86%DA%AF-%D9%85%D8%AF%D9%84-55NU8950-Ultra-HD-4K\"","\"Mozilla/5.0 (Android 7.1.1;"
134986,2.177.12.576,22/Jan/2019:06:56:25,GET,"/image/64272/productModel/150x150 HTTP/1.1\"",200,3768,"\"https://www.zanbil.ir/m/product/33606/%D8%AA%D9%84%D9%88%DB%8C%D8%B2%DB%8C%D9%88%D9%86-%D8%A7%D9%84-%D8%A7%DB%8C-%D8%AF%DB%8C-%D8%B3%D8%A7%D9%85%D8%B3%D9%88%D9%86%DA%AF-%D9%85%D8%AF%D9%84-55NU8950-Ultra-HD-4K\"","\"Mozilla/5.0 (Android 7.1.1;"
194958,2.177.12.588,22/Jan/2019:09:56:25,GET,"/image/64272/productModel/150x150 HTTP/1.1\"",200,3768,"\"https://www.zanbil.ir/m/product/33606/%D8%AA%D9%84%D9%88%DB%8C%D8%B2%DB%8C%D9%88%D9%86-%D8%A7%D9%84-%D8%A7%DB%8C-%D8%AF%DB%8C-%D8%B3%D8%A7%D9%85%D8%B3%D9%88%D9%86%DA%AF-%D9%85%D8%AF%D9%84-55NU8950-Ultra-HD-4K\"","\"Mozilla/5.0 (Android 7.1.1;"
315590,2.177.12.6,22/Jan/2019:00:56:36,GET,"/image/62423/productModel/150x150 HTTP/1.1\"",200,4911,"\"https://www.zanbil.ir/m/product/33606/%D8%AA%D9%84%D9%88%DB%8C%D8%B2%DB%8C%D9%88%D9%86-%D8%A7%D9%84-%D8%A7%DB%8C-%D8%AF%DB%8C-%D8%B3%D8%A7%D9%85%D8%B3%D9%88%D9%86%DA%AF-%D9%85%D8%AF%D9%84-55NU8950-Ultra-HD-4K\"","\"Mozilla/5.0 (Android 7.1.1;"
140459,2.177.12.72,22/Jan/2019:11:56:36,GET,"/image/62423/productModel/150x150 HTTP/1.1\"",200,4911,"\"https://www.zanbil.ir/m/product/33606/%D8%AA%D9%84%D9%88%DB%8C%D8%B2%DB%8C%D9%88%D9%86-%D8%A7%D9%84-%D8%A7%DB%8C-%D8%AF%DB%8C-%D8%B3%D8%A7%D9%85%D8%B3%D9%88%D9%86%DA%AF-%D9%85%D8%AF%D9%84-55NU8950-Ultra-HD-4K\"","\"Mozilla/5.0 (Android 7.1.1;"
259446,2.177.12.720,22/Jan/2019:11:56:36,GET,"/image/62423/productModel/150x150 HTTP/1.1\"",200,4911,"\"https://www.zanbil.ir/m/product/33606/%D8%AA%D9%84%D9%88%DB%8C%D8%B2%DB%8C%D9%88%D9%86-%D8%A7%D9%84-%D8%A7%DB%8C-%D8%AF%DB%8C-%D8%B3%D8%A7%D9%85%D8%B3%D9%88%D9%86%DA%AF-%D9%85%D8%AF%D9%84-55NU8950-Ultra-HD-4K\"","\"Mozilla/5.0 (Android 7.1.1;"
122545,2.177.12.825,22/Jan/2019:08:56:25,GET,"/image/64272/productModel/150x150 HTTP/1.1\"",200,3768,"\"https://www.zanbil.ir/m/product/33606/%D8%AA%D9%84%D9%88%DB%8C%D8%B2%DB%8C%D9%88%D9%86-%D8%A7%D9%84-%D8%A7%DB%8C-%D8%AF%DB%8C-%D8%B3%D8%A7%D9%85%D8%B3%D9%88%D9%86%DA%AF-%D9%85%D8%AF%D9%84-55NU8950-Ultra-HD-4K\"","\"Mozilla/5.0 (Android 7.1.1;"
290379,2.179.141.108,22/Jan/2019:04:56:32,POST,"/ajaxFilter/p65,b1?page=1 HTTP/1.1\"",200,5409,"\"https://www.zanbil.ir/filter/p65,b1?page=0\"","\"Mozilla/5.0 (Windows NT 6.1"
240615,2.179.141.269,22/Jan/2019:04:56:32,POST,"/ajaxFilter/p65,b1?page=1 HTTP/1.1\"",200,5409,"\"https://www.zanbil.ir/filter/p65,b1?page=0\"","\"Mozilla/5.0 (Windows NT 6.1"
188937,2.179.141.347,22/Jan/2019:11:56:32,POST,"/ajaxFilter/p65,b1?page=1 HTTP/1.1\"",200,5409,"\"https://www.zanbil.ir/filter/p65,b1?page=0\"","\"Mozilla/5.0 (Windows NT 6.1"
153209,2.179.141.521,22/Jan/2019:11:56:32,POST,"/ajaxFilter/p65,b1?page=1 HTTP/1.1\"",200,5409,"\"https://www.zanbil.ir/filter/p65,b1?page=0\"","\"Mozilla/5.0 (Windows NT 6.1"
43792,2.179.141.700,22/Jan/2019:04:56:32,POST,"/ajaxFilter/p65,b1?page=1 HTTP/1.1\"",200,5409,"\"https://www.zanbil.ir/filter/p65,b1?page=0\"","\"Mozilla/5.0 (Windows NT 6.1"
34110,204.18.198.248,10/Jan/2019:08:57:11,POST,"/settings/logo HTTP/1.1\"",200,4120,"\"https://www.zanbil.ir/m/product/30782/60550/%DA%A9%D8%AA%D8%B1%DB%8C-%D8%A8%D8%B1%D9%82%DB%8C-%DA%AF%D8%A7%D8%B3%D8%AA%D8%B1%D9%88%D8%A8%DA%A9-%D9%85%D8%AF%D9%84-42420\"","\"Mozilla/5.0 (iPhone; CPU"
18160,204.18.198.248,25/Jan/2019:00:57:11,POST,"/settings/logo HTTP/1.1\"",200,4120,"\"https://www.zanbil.ir/m/product/30782/60550/%DA%A9%D8%AA%D8%B1%DB%8C-%D8%A8%D8%B1%D9%82%DB%8C-%DA%AF%D8%A7%D8%B3%D8%AA%D8%B1%D9%88%D8%A8%DA%A9-%D9%85%D8%AF%D9%84-42420\"","\"Mozilla/5.0 (iPhone; CPU"
134917,204.18.198.685,22/Jan/2019:10:57:11,GET,"/image/30782?name=gastroback-21.jpg&wh=max HTTP/1.1\"",200,30822,"\"https://www.zanbil.ir/m/product/30782/60550/%DA%A9%D8%AA%D8%B1%DB%8C-%D8%A8%D8%B1%D9%82%DB%8C-%DA%AF%D8%A7%D8%B3%D8%AA%D8%B1%D9%88%D8%A8%DA%A9-%D9%85%D8%AF%D9%84-42420\"","\"Mozilla/5.0 (iPhone; CPU"
276872,204.18.198.733,22/Jan/2019:02:57:11,GET,"/image/30782?name=gastroback-21.jpg&wh=max HTTP/1.1\"",200,30822,"\"https://www.zanbil.ir/m/product/30782/60550/%DA%A9%D8%AA%D8%B1%DB%8C-%D8%A8%D8%B1%D9%82%DB%8C-%DA%AF%D8%A7%D8%B3%D8%AA%D8%B1%D9%88%D8%A8%DA%A9-%D9%85%D8%AF%D9%84-42420\"","\"Mozilla/5.0 (iPhone; CPU"
168412,204.18.198.967,22/Jan/2019:02:57:11,GET,"/image/30782?name=gastroback-21.jpg&wh=max HTTP/1.1\"",200,30822,"\"https://www.zanbil.ir/m/product/30782/60550/%DA%A9%D8%AA%D8%B1%DB%8C-%D8%A8%D8%B1%D9%82%DB%8C-%DA%AF%D8%A7%D8%B3%D8%AA%D8%B1%D9%88%D8%A8%DA%A9-%D9%85%D8%AF%D9%84-42420\"","\"Mozilla/5.0 (iPhone; CPU"
116096,204.18.198.994,22/Jan/2019:05:57:11,GET,"/image/30782?name=gastroback-21.jpg&wh=max HTTP/1.1\"",200,30822,"\"https://www.zanbil.ir/m/product/30782/60550/%DA%A9%D8%AA%D8%B1%DB%8C-%D8%A8%D8%B1%D9%82%DB%8C-%DA%AF%D8%A7%D8%B3%D8%AA%D8%B1%D9%88%D8%A8%DA%A9-%D9%85%D8%AF%D9%84-42420\"","\"Mozilla/5.0 (iPhone; CPU"
196334,207.46.13.466,22/Jan/2019:00:56:47,GET,"/filter/b1,b103,b105,b109,b111,b113,b135,b144,b176,b186,b221,b261,b291,b321,b454,b52,b598,b647,b656,b723,b77,b83 HTTP/1.1\"",200,39301,"","\"Mozilla/5.0 (compatible; bingbot/2.0;"
100315,207.46.13.76,22/Jan/2019:00:56:47,GET,"/filter/b1,b103,b105,b109,b111,b113,b135,b144,b176,b186,b221,b261,b291,b321,b454,b52,b598,b647,b656,b723,b77,b83 HTTP/1.1\"",200,39301,"","\"Mozilla/5.0 (compatible; bingbot/2.0;"
211646,207.46.13.825,22/Jan/2019:05:56:47,GET,"/filter/b1,b103,b105,b109,b111,b113,b135,b144,b176,b186,b221,b261,b291,b321,b454,b52,b598,b647,b656,b723,b77,b83 HTTP/1.1\"",200,39301,"","\"Mozilla/5.0 (compatible; bingbot/2.0;"
51508,207.46.13.849,22/Jan/2019:03:56:47,GET,"/filter/b1,b103,b105,b109,b111,b113,b135,b144,b176,b186,b221,b261,b291,b321,b454,b52,b598,b647,b656,b723,b77,b83 HTTP/1.1\"",200,39301,"","\"Mozilla/5.0 (compatible; bingbot/2.0;"
71376,31.56.96.209,22/Jan/2019:11:56:59,GET,"/image/60814/productModel/200x200 HTTP/1.1\"",200,5865,"\"https://www.zanbil.ir/m/filter/b113?page=1\"","\"Mozilla/5.0 (Linux; Android 6.0"
226091,31.56.96.302,22/Jan/2019:10:56:59,GET,"/image/60814/productModel/200x200 HTTP/1.1\"",200,5865,"\"https://www.zanbil.ir/m/filter/b113?page=1\"","\"Mozilla/5.0 (Linux; Android 6.0"
168671,31.56.96.454,22/Jan/2019:06:56:59,GET,"/image/60814/productModel/200x200 HTTP/1.1\"",200,5865,"\"https://www.zanbil.ir/m/filter/b113?page=1\"","\"Mozilla/5.0 (Linux; Android 6.0"
273303,31.56.96.654,22/Jan/2019:11:56:59,GET,"/image/60814/productModel/200x200 HTTP/1.1\"",200,5865,"\"https://www.zanbil.ir/m/filter/b113?page=1\"","\"Mozilla/5.0 (Linux; Android 6.0"
214926,31.56.96.94,22/Jan/2019:11:56:59,GET,"/image/60814/productModel/200x200 HTTP/1.1\"",200,5865,"\"https://www.zanbil.ir/m/filter/b113?page=1\"","\"Mozilla/5.0 (Linux; Android 6.0"
310626,31.56.96.975,22/Jan/2019:03:56:59,GET,"/image/60814/productModel/200x200 HTTP/1.1\"",200,5865,"\"https://www.zanbil.ir/m/filter/b113?page=1\"","\"Mozilla/5.0 (Linux; Android 6.0"
135265,40.77.167.174,22/Jan/2019:04:56:18,GET,"/image/57710/productModel/100x100 HTTP/1.1\"",200,1695,"","\"Mozilla/5.0 (compatible; bingbot/2.0;"
114530,40.77.167.286,22/Jan/2019:05:56:18,GET,"/image/57710/productModel/100x100 HTTP/1.1\"",200,1695,"","\"Mozilla/5.0 (compatible; bingbot/2.0;"
211825,40.77.167.54,22/Jan/2019:11:56:18,GET,"/image/57710/productModel/100x100 HTTP/1.1\"",200,1695,"","\"Mozilla/5.0 (compatible; bingbot/2.0;"
90286,40.77.167.58,22/Jan/2019:07:56:18,GET,"/image/57710/productModel/100x100 HTTP/1.1\"",200,1695,"","\"Mozilla/5.0 (compatible; bingbot/2.0;"
266693,40.77.167.7,22/Jan/2019:03:56:18,GET,"/image/57710/productModel/100x100 HTTP/1.1\"",200,1695,"","\"Mozilla/5.0 (compatible; bingbot/2.0;"
302102,40.77.167.843,22/Jan/2019:02:56:18,GET,"/image/57710/productModel/100x100 HTTP/1.1\"",200,1695,"","\"Mozilla/5.0 (compatible; bingbot/2.0;"
265736,40.77.167.988,22/Jan/2019:11:56:18,GET,"/image/57710/productModel/100x100 HTTP/1.1\"",200,1695,"","\"Mozilla/5.0 (compatible; bingbot/2.0;"
27025,5.209.200.167,22/Jan/2019:00:56:59,GET,"/image/99/brand HTTP/1.1\"",200,2136,"\"https://www.zanbil.ir/m/filter/b99%2Cp4510%2Cstexists%2Ct116\"","\"Mozilla/5.0 (Linux; Android 5.1.1"
227317,5.209.200.298,22/Jan/2019:10:56:55,GET,"/static/images/guarantees/warranty.png HTTP/1.1\"",200,5807,"\"https://www.zanbil.ir/m/filter/b99%2Cp4510%2Cstexists%2Ct116\"","\"Mozilla/5.0 (Linux; Android 5.1.1"
9480,5.209.200.405,22/Jan/2019:02:56:59,GET,"/image/99/brand HTTP/1.1\"",200,2136,"\"https://www.zanbil.ir/m/filter/b99%2Cp4510%2Cstexists%2Ct116\"","\"Mozilla/5.0 (Linux; Android 5.1.1"
242669,5.209.200.555,22/Jan/2019:02:56:59,GET,"/image/99/brand HTTP/1.1\"",200,2136,"\"https://www.zanbil.ir/m/filter/b99%2Cp4510%2Cstexists%2Ct116\"","\"Mozilla/5.0 (Linux; Android 5.1.1"
179148,5.209.200.594,22/Jan/2019:08:56:55,GET,"/static/images/guarantees/warranty.png HTTP/1.1\"",200,5807,"\"https://www.zanbil.ir/m/filter/b99%2Cp4510%2Cstexists%2Ct116\"","\"Mozilla/5.0 (Linux; Android 5.1.1"
199883,5.209.200.762,22/Jan/2019:05:56:55,GET,"/static/images/guarantees/warranty.png HTTP/1.1\"",200,5807,"\"https://www.zanbil.ir/m/filter/b99%2Cp4510%2Cstexists%2Ct116\"","\"Mozilla/5.0 (Linux; Android 5.1.1"
78025,5.209.200.790,22/Jan/2019:06:56:55,GET,"/static/images/guarantees/warranty.png HTTP/1.1\"",200,5807,"\"https://www.zanbil.ir/m/filter/b99%2Cp4510%2Cstexists%2Ct116\"","\"Mozilla/5.0 (Linux; Android 5.1.1"
60500,5.211.97.10,22/Jan/2019:09:56:57,GET,"/image/2145/productModel/200x200 HTTP/1.1\"",200,6185,"\"https://www.zanbil.ir/m/browse/meat-grinder/%DA%86%D8%B1%D8%AE-%DA%AF%D9%88%D8%B4%D8%AA\"","\"Mozilla/5.0 (iPhone; CPU"
61188,5.211.97.171,22/Jan/2019:00:57:02,GET,"/m/filter/p25%2Cb103 HTTP/1.1\"",200,19100,"\"https://www.zanbil.ir/m/browse/meat-grinder/%DA%86%D8%B1%D8%AE-%DA%AF%D9%88%D8%B4%D8%AA\"","\"Mozilla/5.0 (iPhone; CPU"
281936,5.211.97.173,22/Jan/2019:06:57:02,GET,"/m/filter/p25%2Cb103 HTTP/1.1\"",200,19100,"\"https://www.zanbil.ir/m/browse/meat-grinder/%DA%86%D8%B1%D8%AE-%DA%AF%D9%88%D8%B4%D8%AA\"","\"Mozilla/5.0 (iPhone; CPU"
100425,5.211.97.221,22/Jan/2019:08:57:02,GET,"/m/filter/p25%2Cb103 HTTP/1.1\"",200,19100,"\"https://www.zanbil.ir/m/browse/meat-grinder/%DA%86%D8%B1%D8%AE-%DA%AF%D9%88%D8%B4%D8%AA\"","\"Mozilla/5.0 (iPhone; CPU"
5710,5.211.97.39,22/Jan/2019:08:57:08,POST,"/image/33/brand HTTP/1.1\"",200,2328,"\"https://www.zanbil.ir/m/filter/p25%2Cb103\"","\"Mozilla/5.0 (iPhone; CPU"
4034,5.211.97.39,22/Jan/2019:10:56:57,POST,"/image/61048/productModel/200x200 HTTP/1.1\"",200,6934,"\"https://www.zanbil.ir/m/browse/meat-grinder/%DA%86%D8%B1%D8%AE-%DA%AF%D9%88%D8%B4%D8%AA\"","\"Mozilla/5.0 (iPhone; CPU"
33054,5.211.97.39,23/Jan/2019:08:56:56,POST,"/m/browse/meat-grinder/%DA%86%D8%B1%D8%AE-%DA%AF%D9%88%D8%B4%D8%AA HTTP/1.1\"",200,19543,"\"https://www.zanbil.ir/m/browse/food-preparation/%D8%A2%D9%85%D8%A7%D8%AF%D9%87-%D8%B3%D8%A7%D8%B2%DB%8C-%D8%BA%D8%B0%D8%A7\"","\"Mozilla/5.0 (iPhone; CPU"
263,5.211.97.39,26/Jan/2019:03:57:03,GET,"/image/2080/productModel/200x200 HTTP/1.1\"",200,5104,"\"https://www.zanbil.ir/m/filter/p25%2Cb103\"","\"Mozilla/5.0 (iPhone; CPU"
249667,5.211.97.461,22/Jan/2019:07:56:57,GET,"/image/2145/productModel/200x200 HTTP/1.1\"",200,6185,"\"https://www.zanbil.ir/m/browse/meat-grinder/%DA%86%D8%B1%D8%AE-%DA%AF%D9%88%D8%B4%D8%AA\"","\"Mozilla/5.0 (iPhone; CPU"
314743,5.211.97.487,22/Jan/2019:08:56:57,GET,"/image/2145/productModel/200x200 HTTP/1.1\"",200,6185,"\"https://www.zanbil.ir/m/browse/meat-grinder/%DA%86%D8%B1%D8%AE-%DA%AF%D9%88%D8%B4%D8%AA\"","\"Mozilla/5.0 (iPhone; CPU"
178261,5.211.97.672,22/Jan/2019:10:57:02,GET,"/m/filter/p25%2Cb103 HTTP/1.1\"",200,19100,"\"https://www.zanbil.ir/m/browse/meat-grinder/%DA%86%D8%B1%D8%AE-%DA%AF%D9%88%D8%B4%D8%AA\"","\"Mozilla/5.0 (iPhone; CPU"
231165,5.211.97.712,22/Jan/2019:06:56:57,GET,"/image/2145/productModel/200x200 HTTP/1.1\"",200,6185,"\"https://www.zanbil.ir/m/browse/meat-grinder/%DA%86%D8%B1%D8%AE-%DA%AF%D9%88%D8%B4%D8%AA\"","\"Mozilla/5.0 (iPhone; CPU"
5632,5.211.97.890,22/Jan/2019:11:56:57,GET,"/image/2145/productModel/200x200 HTTP/1.1\"",200,6185,"\"https://www.zanbil.ir/m/browse/meat-grinder/%DA%86%D8%B1%D8%AE-%DA%AF%D9%88%D8%B4%D8%AA\"","\"Mozilla/5.0 (iPhone; CPU"
103246,5.211.97.952,22/Jan/2019:04:56:57,GET,"/image/2145/productModel/200x200 HTTP/1.1\"",200,6185,"\"https://www.zanbil.ir/m/browse/meat-grinder/%DA%86%D8%B1%D8%AE-%DA%AF%D9%88%D8%B4%D8%AA\"","\"Mozilla/5.0 (iPhone; CPU"
160566,5.62.206.608,14/Jan/2019:01:56:40,GET,"/image/34187?name=m12a-1.jpg&wh=200x200 HTTP/1.1\"",200,5603,"","\"Dalvik/2.1.0 (Linux; U;"
265836,5.62.206.694,26/Jan/2019:03:56:40,GET,"/image/34187?name=m12a-1.jpg&wh=200x200 HTTP/1.1\"",200,5603,"","\"Dalvik/2.1.0 (Linux; U;"
144028,5.78.198.176,22/Jan/2019:10:56:49,GET,"/m/filter/p62?page=1 HTTP/1.1\"",200,19265,"\"https://www.zanbil.ir/m/browse/cell-phone/%DA%AF%D9%88%D8%B4%DB%8C-%D9%85%D9%88%D8%A8%D8%A7%DB%8C%D9%84\"","\"Mozilla/5.0 (Linux; Android 8.0.0"
52794,5.78.198.233,22/Jan/2019:03:56:49,GET,"/m/filter/p62?page=1 HTTP/1.1\"",200,19265,"\"https://www.zanbil.ir/m/browse/cell-phone/%DA%AF%D9%88%D8%B4%DB%8C-%D9%85%D9%88%D8%A8%D8%A7%DB%8C%D9%84\"","\"Mozilla/5.0 (Linux; Android 8.0.0"
264829,5.78.198.256,22/Jan/2019:08:56:28,POST,"/m/updateVariation?__amp_source_origin=https%3A%2F%2Fwww.zanbil.ir HTTP/1.1\"",200,171,"\"https://www.zanbil.ir/m/product/33978/64784/%DA%AF%D9%88%D8%B4%DB%8C-%D9%85%D9%88%D8%A8%D8%A7%DB%8C%D9%84-%D8%B3%D8%A7%D9%85%D8%B3%D9%88%D9%86%DA%AF-%D9%85%D8%AF%D9%84-Galaxy-A9-%282018%29-Dual-128GB-%28SM-A920%29\"","\"Mozilla/5.0 (Linux; Android 8.0.0"
240904,5.78.198.400,22/Jan/2019:06:56:28,POST,"/m/updateVariation?__amp_source_origin=https%3A%2F%2Fwww.zanbil.ir HTTP/1.1\"",200,171,"\"https://www.zanbil.ir/m/product/33978/64784/%DA%AF%D9%88%D8%B4%DB%8C-%D9%85%D9%88%D8%A8%D8%A7%DB%8C%D9%84-%D8%B3%D8%A7%D9%85%D8%B3%D9%88%D9%86%DA%AF-%D9%85%D8%AF%D9%84-Galaxy-A9-%282018%29-Dual-128GB-%28SM-A920%29\"","\"Mozilla/5.0 (Linux; Android 8.0.0"
257911,5.78.198.576,22/Jan/2019:02:56:49,GET,"/m/filter/p62?page=1 HTTP/1.1\"",200,19265,"\"https://www.zanbil.ir/m/browse/cell-phone/%DA%AF%D9%88%D8%B4%DB%8C-%D9%85%D9%88%D8%A8%D8%A7%DB%8C%D9%84\"","\"Mozilla/5.0 (Linux; Android 8.0.0"
287259,5.78.198.583,22/Jan/2019:10:56:49,GET,"/m/filter/p62?page=1 HTTP/1.1\"",200,19265,"\"https://www.zanbil.ir/m/browse/cell-phone/%DA%AF%D9%88%D8%B4%DB%8C-%D9%85%D9%88%D8%A8%D8%A7%DB%8C%D9%84\"","\"Mozilla/5.0 (Linux; Android 8.0.0"
282374,5.78.198.714,22/Jan/2019:06:56:28,POST,"/m/updateVariation?__amp_source_origin=https%3A%2F%2Fwww.zanbil.ir HTTP/1.1\"",200,171,"\"https://www.zanbil.ir/m/product/33978/64784/%DA%AF%D9%88%D8%B4%DB%8C-%D9%85%D9%88%D8%A8%D8%A7%DB%8C%D9%84-%D8%B3%D8%A7%D9%85%D8%B3%D9%88%D9%86%DA%AF-%D9%85%D8%AF%D9%84-Galaxy-A9-%282018%29-Dual-128GB-%28SM-A920%29\"","\"Mozilla/5.0 (Linux; Android 8.0.0"
85870,5.78.198.750,22/Jan/2019:08:56:28,POST,"/m/updateVariation?__amp_source_origin=https%3A%2F%2Fwww.zanbil.ir HTTP/1.1\"",200,171,"\"https://www.zanbil.ir/m/product/33978/64784/%DA%AF%D9%88%D8%B4%DB%8C-%D9%85%D9%88%D8%A8%D8%A7%DB%8C%D9%84-%D8%B3%D8%A7%D9%85%D8%B3%D9%88%D9%86%DA%AF-%D9%85%D8%AF%D9%84-Galaxy-A9-%282018%29-Dual-128GB-%28SM-A920%29\"","\"Mozilla/5.0 (Linux; Android 8.0.0"
282055,5.78.198.83,22/Jan/2019:06:56:28,POST,"/m/updateVariation?__amp_source_origin=https%3A%2F%2Fwww.zanbil.ir HTTP/1.1\"",200,171,"\"https://www.zanbil.ir/m/product/33978/64784/%DA%AF%D9%88%D8%B4%DB%8C-%D9%85%D9%88%D8%A8%D8%A7%DB%8C%D9%84-%D8%B3%D8%A7%D9%85%D8%B3%D9%88%D9%86%DA%AF-%D9%85%D8%AF%D9%84-Galaxy-A9-%282018%29-Dual-128GB-%28SM-A920%29\"","\"Mozilla/5.0 (Linux; Android 8.0.0"
9410,5.78.198.830,22/Jan/2019:03:56:49,GET,"/m/filter/p62?page=1 HTTP/1.1\"",200,19265,"\"https://www.zanbil.ir/m/browse/cell-phone/%DA%AF%D9%88%D8%B4%DB%8C-%D9%85%D9%88%D8%A8%D8%A7%DB%8C%D9%84\"","\"Mozilla/5.0 (Linux; Android 8.0.0"
271628,5.78.198.903,22/Jan/2019:06:56:49,GET,"/m/filter/p62?page=1 HTTP/1.1\"",200,19265,"\"https://www.zanbil.ir/m/browse/cell-phone/%DA%AF%D9%88%D8%B4%DB%8C-%D9%85%D9%88%D8%A8%D8%A7%DB%8C%D9%84\"","\"Mozilla/5.0 (Linux; Android 8.0.0"
17126,54.36.148.113,14/Jan/2019:01:56:58,GET,"/filter/p42,stexists,t51,v1|%D9%85%D8%B4%DA%A9%DB%8C%20%D8%B3%D9%81%DB%8C%D8%AF HTTP/1.1\"",200,32189,"","\"Mozilla/5.0 (compatible; AhrefsBot/6.1;"
1446,54.36.148.161,22/Jan/2019:08:56:50,POST,"/filter/p28%2Cv1%7C%D8%B3%D9%81%DB%8C%D8%AF%20%D9%82%D8%B1%D9%85%D8%B2?o=v1 HTTP/1.1\"",302,0,"","\"Mozilla/5.0 (compatible; AhrefsBot/6.1;"
261699,54.36.148.189,22/Jan/2019:06:56:44,GET,"/filter/p44%2Cv1%7C%D8%A2%D9%84%D8%A8%D8%A7%D9%84%D9%88%DB%8C%DB%8C%2Cv1%7C%D8%AE%D8%A7%DA%A9%D8%B3%D8%AA%D8%B1%DB%8C. HTTP/1.1\"",200,33103,"","\"Mozilla/5.0 (compatible; AhrefsBot/6.1;"
438,54.36.148.599,22/Jan/2019:00:56:44,GET,"/filter/p44%2Cv1%7C%D8%A2%D9%84%D8%A8%D8%A7%D9%84%D9%88%DB%8C%DB%8C%2Cv1%7C%D8%AE%D8%A7%DA%A9%D8%B3%D8%AA%D8%B1%DB%8C. HTTP/1.1\"",200,33103,"","\"Mozilla/5.0 (compatible; AhrefsBot/6.1;"
83797,54.36.148.620,27/Jan/2019:02:56:58,GET,"/filter/p42,stexists,t51,v1|%D9%85%D8%B4%DA%A9%DB%8C%20%D8%B3%D9%81%DB%8C%D8%AF HTTP/1.1\"",200,32189,"","\"Mozilla/5.0 (compatible; AhrefsBot/6.1;"
214906,54.36.148.688,22/Jan/2019:11:56:58,GET,"/filter/p42,stexists,t51,v1|%D9%85%D8%B4%DA%A9%DB%8C%20%D8%B3%D9%81%DB%8C%D8%AF HTTP/1.1\"",200,32189,"","\"Mozilla/5.0 (compatible; AhrefsBot/6.1;"
296889,54.36.148.859,30/Jan/2019:04:56:58,GET,"/filter/p42,stexists,t51,v1|%D9%85%D8%B4%DA%A9%DB%8C%20%D8%B3%D9%81%DB%8C%D8%AF HTTP/1.1\"",200,32189,"","\"Mozilla/5.0 (compatible; AhrefsBot/6.1;"
38090,66.111.54.207,22/Jan/2019:11:56:45,GET,"/image/99/brand HTTP/1.1\"",200,2136,"\"https://www.zanbil.ir/m/browse/refrigerator-and-freezer/%DB%8C%D8%AE%DA%86%D8%A7%D9%84-%D9%81%D8%B1%DB%8C%D8%B2%D8%B1\"","\"Mozilla/5.0 (Linux; Android 5.0"
309499,66.111.54.244,22/Jan/2019:11:56:29,GET,"/static/css/font/wyekan/font.woff HTTP/1.1\"",200,28536,"\"https://www.zanbil.ir/m/filter/b1%2Cp1?page=1\"","\"Mozilla/5.0 (Linux; Android 5.0"
4609,66.111.54.249,22/Jan/2019:10:56:46,POST,"/image/20/brand HTTP/1.1\"",200,1958,"\"https://www.zanbil.ir/m/browse/refrigerator-and-freezer/%DB%8C%D8%AE%DA%86%D8%A7%D9%84-%D9%81%D8%B1%DB%8C%D8%B2%D8%B1\"","\"Mozilla/5.0 (Linux; Android 5.0"
5246,66.111.54.249,25/Jan/2019:03:56:46,GET,"/image/886/brand HTTP/1.1\"",200,3860,"\"https://www.zanbil.ir/m/browse/refrigerator-and-freezer/%DB%8C%D8%AE%DA%86%D8%A7%D9%84-%D9%81%D8%B1%DB%8C%D8%B2%D8%B1\"","\"Mozilla/5.0 (Linux; Android 5.0"
1418,66.111.54.249,26/Jan/2019:03:56:46,GET,"/image/886/brand HTTP/1.1\"",200,3860,"\"https://www.zanbil.ir/m/browse/refrigerator-and-freezer/%DB%8C%D8%AE%DA%86%D8%A7%D9%84-%D9%81%D8%B1%DB%8C%D8%B2%D8%B1\"","\"Mozilla/5.0 (Linux; Android 5.0"
4289,66.111.54.249,30/Jan/2019:03:56:46,GET,"/image/886/brand HTTP/1.1\"",200,3860,"\"https://www.zanbil.ir/m/browse/refrigerator-and-freezer/%DB%8C%D8%AE%DA%86%D8%A7%D9%84-%D9%81%D8%B1%DB%8C%D8%B2%D8%B1\"","\"Mozilla/5.0 (Linux; Android 5.0"
275426,66.111.54.275,22/Jan/2019:00:56:45,GET,"/image/99/brand HTTP/1.1\"",200,2136,"\"https://www.zanbil.ir/m/browse/refrigerator-and-freezer/%DB%8C%D8%AE%DA%86%D8%A7%D9%84-%D9%81%D8%B1%DB%8C%D8%B2%D8%B1\"","\"Mozilla/5.0 (Linux; Android 5.0"
49833,66.111.54.279,22/Jan/2019:01:56:29,GET,"/static/css/font/wyekan/font.woff HTTP/1.1\"",200,28536,"\"https://www.zanbil.ir/m/filter/b1%2Cp1?page=1\"","\"Mozilla/5.0 (Linux; Android 5.0"
388,66.111.54.388,22/Jan/2019:05:56:29,GET,"/static/css/font/wyekan/font.woff HTTP/1.1\"",200,28536,"\"https://www.zanbil.ir/m/filter/b1%2Cp1?page=1\"","\"Mozilla/5.0 (Linux; Android 5.0"
249707,66.111.54.455,22/Jan/2019:01:57:02,GET,"/static/images/amp/instagram.png HTTP/1.1\"",200,7146,"\"https://www.zanbil.ir/m/browse/refrigerator-and-freezer/%DB%8C%D8%AE%DA%86%D8%A7%D9%84-%D9%81%D8%B1%DB%8C%D8%B2%D8%B1\"","\"Mozilla/5.0 (Linux; Android 5.0"
189555,66.111.54.472,22/Jan/2019:00:56:29,GET,"/static/css/font/wyekan/font.woff HTTP/1.1\"",200,28536,"\"https://www.zanbil.ir/m/filter/b1%2Cp1?page=1\"","\"Mozilla/5.0 (Linux; Android 5.0"
166587,66.111.54.56,22/Jan/2019:11:56:29,GET,"/static/css/font/wyekan/font.woff HTTP/1.1\"",200,28536,"\"https://www.zanbil.ir/m/filter/b1%2Cp1?page=1\"","\"Mozilla/5.0 (Linux; Android 5.0"
147766,66.111.54.617,22/Jan/2019:10:56:29,GET,"/static/css/font/wyekan/font.woff HTTP/1.1\"",200,28536,"\"https://www.zanbil.ir/m/filter/b1%2Cp1?page=1\"","\"Mozilla/5.0 (Linux; Android 5.0"
270123,66.111.54.679,22/Jan/2019:06:57:02,GET,"/static/images/amp/instagram.png HTTP/1.1\"",200,7146,"\"https://www.zanbil.ir/m/browse/refrigerator-and-freezer/%DB%8C%D8%AE%DA%86%D8%A7%D9%84-%D9%81%D8%B1%DB%8C%D8%B2%D8%B1\"","\"Mozilla/5.0 (Linux; Android 5.0"
57031,66.111.54.773,22/Jan/2019:05:57:02,GET,"/static/images/amp/instagram.png HTTP/1.1\"",200,7146,"\"https://www.zanbil.ir/m/browse/refrigerator-and-freezer/%DB%8C%D8%AE%DA%86%D8%A7%D9%84-%D9%81%D8%B1%DB%8C%D8%B2%D8%B1\"","\"Mozilla/5.0 (Linux; Android 5.0"
248630,66.111.54.81,22/Jan/2019:11:56:45,GET,"/image/99/brand HTTP/1.1\"",200,2136,"\"https://www.zanbil.ir/m/browse/refrigerator-and-freezer/%DB%8C%D8%AE%DA%86%D8%A7%D9%84-%D9%81%D8%B1%DB%8C%D8%B2%D8%B1\"","\"Mozilla/5.0 (Linux; Android 5.0"
65963,66.111.54.819,22/Jan/2019:05:57:02,GET,"/static/images/amp/instagram.png HTTP/1.1\"",200,7146,"\"https://www.zanbil.ir/m/browse/refrigerator-and-freezer/%DB%8C%D8%AE%DA%86%D8%A7%D9%84-%D9%81%D8%B1%DB%8C%D8%B2%D8%B1\"","\"Mozilla/5.0 (Linux; Android 5.0"
